{"resourceId":"genia_metas","properties":{"name":"Aprobaci\u00f3n metas Genias","documentation":"","auditing":"","monitoring":"","version":"1","author":"Juan Ignacio Borda","language":"english","namespaces":"","targetnamespace":"http:\/\/www.omg.org\/bpmn20","expressionlanguage":"http:\/\/www.w3.org\/1999\/XPath","typelanguage":"http:\/\/www.w3.org\/2001\/XMLSchema","creationdate":"2013-03-20T00:00:00","modificationdate":"2013-06-17T00:00:00"},"stencil":{"id":"BPMNDiagram"},"childShapes":[{"resourceId":"oryx_E4DE0BB6-ADA4-4BB4-BBA4-4EED5A7A9B29","properties":{"name":"DEFINICION DE METAS","documentation":"","auditing":"","monitoring":"","multiinstance":"","resources":"","boundaryvisible":true,"processname":"","status":"None","adhoc":"","adhocordering":"Parallel","adhoccompletioncondition":"","suppressjoinfailure":"","enableinstancecompensation":"","processcategories":"","processdocumentation":"","processtype":"None","isclosed":"","bgcolor":"#ffffff"},"stencil":{"id":"Pool"},"childShapes":[{"resourceId":"oryx_5FF2AEBB-B39C-458A-9C71-3089B483DDAE","properties":{"name":"Coordinadores GenIA","documentation":"","auditing":"","monitoring":"","parentpool":"","parentlane":"","resources":"","showcaption":true},"stencil":{"id":"Lane"},"childShapes":[{"resourceId":"oryx_DCA7290B-B7B4-4AB1-8812-BEA09DA2053E","properties":{"name":"Nueva Meta: {proyecto_nombre}","documentation":"<strong>{owner name} {owner lastname} <\/strong>\nha agregado una nueva Meta de la Genia:\n<strong>\"{genia} \"<\/strong>\n{observaciones}","auditing":"","monitoring":"","categories":"","startquantity":1,"completionquantity":1,"isforcompensation":"","assignments":"","callacitivity":"","tasktype":"User","implementation":"webService","resources":"","messageref":"","rendering":"","callableelement":"","operationref":"","instantiate":"","script":"","script_language":"","bgcolor":"#ffffcc","looptype":"None","testbefore":"","loopcondition":"","loopmaximum":"","loopcardinality":"","loopdatainput":"","loopdataoutput":"","inputdataitem":"","outputdataitem":"","behavior":"all","complexbehaviordefinition":"","completioncondition":"","onebehavioreventref:":"signal","nonebehavioreventref":"signal","properties":"","datainputset":"","dataoutputset":""},"stencil":{"id":"Task"},"childShapes":[],"outgoing":[{"resourceId":"oryx_37008A55-3223-45F1-BE6C-7EB40E609CE1"}],"bounds":{"lowerRight":{"x":200,"y":125},"upperLeft":{"x":100,"y":45}},"dockers":[]},{"resourceId":"oryx_6E5DFC41-7CBC-4764-8D5F-B1D2104929FB","properties":{"type":"http:\/\/b3mn.org\/stencilset\/bpmn2.0#StartNoneEvent","name":"M1","documentation":"","auditing":"","monitoring":"","eventdefinitionref":"","eventdefinitions":"","dataoutputassociations":"","dataoutput":"","outputset":"","isinterrupting":true,"bgcolor":"#b8d070","trigger":"Message"},"stencil":{"id":"StartMessageEvent"},"childShapes":[],"outgoing":[{"resourceId":"oryx_8B39AD01-0735-4BDA-851F-37F3B45CFF3B"}],"bounds":{"lowerRight":{"x":55,"y":100},"upperLeft":{"x":25,"y":70}},"dockers":[]},{"resourceId":"oryx_9C986CD5-0348-45D3-AE4F-5A842C77F847","properties":{"name":"Modifica Metas","documentation":"","auditing":"","monitoring":"","categories":"","startquantity":1,"completionquantity":1,"isforcompensation":"","assignments":"","callacitivity":"","tasktype":"User","implementation":"webService","resources":"","messageref":"","rendering":"","callableelement":"","operationref":"","instantiate":"","script":"","script_language":"","bgcolor":"#ffffcc","looptype":"None","testbefore":"","loopcondition":"","loopmaximum":"","loopcardinality":"","loopdatainput":"","loopdataoutput":"","inputdataitem":"","outputdataitem":"","behavior":"all","complexbehaviordefinition":"","completioncondition":"","onebehavioreventref:":"signal","nonebehavioreventref":"signal","properties":"","datainputset":"","dataoutputset":""},"stencil":{"id":"Task"},"childShapes":[],"outgoing":[{"resourceId":"oryx_05B4159F-7CED-4E56-BD27-0052365B5C32"}],"bounds":{"lowerRight":{"x":430,"y":216.5},"upperLeft":{"x":330,"y":136.5}},"dockers":[]},{"resourceId":"oryx_3CA6C7B0-D000-4968-869C-81E6C4C3DE75","properties":{"type":"http:\/\/b3mn.org\/stencilset\/bpmn2.0#Exclusive_Databased_Gateway","name":"Validar Meta","documentation":"El usuario: {owner name}   {owner lastname} \nde la genia: {genia} \nha agregado una meta para validar: {proyecto_nombre}\nDesde: {desde}\nHasta: {hasta}\nCantidad: <span class='badge'>{cantidad}<\/span>\n\nObservaciones: {observaciones}\n\nDesea aprobar?","auditing":"","monitoring":"","categories":"","assignments":"","pool":"","lanes":"","gates":"","gates_outgoingsequenceflow":"","gates_assignments":"","bgcolor":"#d0ce70","gatewaytype":"XOR","xortype":"Data","markervisible":"true","defaultgate":"","gate_outgoingsequenceflow":"","gate_assignments":""},"stencil":{"id":"Exclusive_Databased_Gateway"},"childShapes":[],"outgoing":[{"resourceId":"oryx_A98D0B95-134D-4637-A6A7-F2DD02072F67"},{"resourceId":"oryx_AAB6E578-B50F-497D-AB20-D964636D069A"}],"bounds":{"lowerRight":{"x":285,"y":105},"upperLeft":{"x":245,"y":65}},"dockers":[]},{"resourceId":"oryx_DBC5D0A3-884A-4197-ADD9-D9E3E770DBE5","properties":{"type":"http:\/\/b3mn.org\/stencilset\/bpmn2.0#IntermediateEvent","name":"M2","documentation":"","auditing":"","monitoring":"","eventdefinitionref":"","eventdefinitions":"","datainputassociations":"","datainput":"","inputset":"","bgcolor":"#ffffff","trigger":"Message"},"stencil":{"id":"IntermediateMessageEventThrowing"},"childShapes":[],"outgoing":[{"resourceId":"oryx_C37F120F-99AE-4F0E-BCCE-EC6A8C2123E3"}],"bounds":{"lowerRight":{"x":585,"y":100},"upperLeft":{"x":555,"y":70}},"dockers":[{"x":570,"y":85}]},{"resourceId":"oryx_32AADCD7-9163-4DD9-80B5-628465D974CB","properties":{"name":"Fin","documentation":"","auditing":"","monitoring":"","eventdefinitionref":"","eventdefinitions":"","datainputassociations":"","datainput":"","inputset":"","bgcolor":"#d07070","trigger":"None"},"stencil":{"id":"EndNoneEvent"},"childShapes":[],"outgoing":[],"bounds":{"lowerRight":{"x":658,"y":99},"upperLeft":{"x":630,"y":71}},"dockers":[]},{"resourceId":"oryx_ACAFD552-35D9-4337-9FDE-A8B298CAEB54","properties":{"type":"http:\/\/b3mn.org\/stencilset\/bpmn2.0#Exclusive_Databased_Gateway","name":"","documentation":"","auditing":"","monitoring":"","categories":"","assignments":"","pool":"","lanes":"","gates":"","gates_outgoingsequenceflow":"","gates_assignments":"","bgcolor":"#d0ce70","gatewaytype":"XOR","xortype":"Data","markervisible":"true","defaultgate":"","gate_outgoingsequenceflow":"","gate_assignments":""},"stencil":{"id":"Exclusive_Databased_Gateway"},"childShapes":[],"outgoing":[{"resourceId":"oryx_BEFC61DC-BE18-4931-94F7-C71E15848407"}],"bounds":{"lowerRight":{"x":510,"y":105},"upperLeft":{"x":470,"y":65}},"dockers":[]}],"outgoing":[],"bounds":{"lowerRight":{"x":725,"y":549},"upperLeft":{"x":30,"y":274.5}},"dockers":[]},{"resourceId":"oryx_7E6AA11B-D857-4FAA-B889-A90E93D567BC","properties":{"name":"Gerentes GenIA","documentation":"","auditing":"","monitoring":"","parentpool":"","parentlane":"","resources":"","showcaption":true},"stencil":{"id":"Lane"},"childShapes":[{"resourceId":"oryx_2B6A319B-2D55-4502-9EE7-73E6D14CE6D2","properties":{"name":"","documentation":"","auditing":"","monitoring":"","eventdefinitionref":"","eventdefinitions":"","dataoutputassociations":"","dataoutput":"","outputset":"","bgcolor":"#b8d070","trigger":"None"},"stencil":{"id":"StartNoneEvent"},"childShapes":[],"outgoing":[{"resourceId":"oryx_E72DEF73-81F9-429A-95EE-5B340CB04BCC"}],"bounds":{"lowerRight":{"x":63,"y":147},"upperLeft":{"x":33,"y":117}},"dockers":[]},{"resourceId":"oryx_5DF6D29F-EDB0-4097-BCCA-B442E9091759","properties":{"name":"Alta de Metas\n","documentation":"","auditing":"","monitoring":"","categories":"","startquantity":1,"completionquantity":1,"isforcompensation":"","assignments":"","callacitivity":"","tasktype":"None","implementation":"webService","resources":"","messageref":"","rendering":"","callableelement":"","operationref":"","instantiate":"","script":"","script_language":"","bgcolor":"#ffffcc","looptype":"None","testbefore":"","loopcondition":"","loopmaximum":"","loopcardinality":"","loopdatainput":"","loopdataoutput":"","inputdataitem":"","outputdataitem":"","behavior":"all","complexbehaviordefinition":"","completioncondition":"","onebehavioreventref:":"signal","nonebehavioreventref":"signal","properties":"","datainputset":"","dataoutputset":""},"stencil":{"id":"Task"},"childShapes":[],"outgoing":[{"resourceId":"oryx_C44B51DD-11F0-4469-A4BC-677822A8E224"}],"bounds":{"lowerRight":{"x":208,"y":172},"upperLeft":{"x":108,"y":92}},"dockers":[]},{"resourceId":"oryx_21C34454-567F-4EC1-B1FF-3F33C261FFB5","properties":{"type":"http:\/\/b3mn.org\/stencilset\/bpmn2.0#IntermediateEvent","name":"M1","documentation":"","auditing":"","monitoring":"","eventdefinitionref":"","eventdefinitions":"","datainputassociations":"","datainput":"","inputset":"","bgcolor":"#FFFFFF","trigger":"Message"},"stencil":{"id":"IntermediateMessageEventThrowing"},"childShapes":[],"outgoing":[{"resourceId":"oryx_968B9566-9FCF-4D54-91D1-D64A03A42E2E"}],"bounds":{"lowerRight":{"x":283,"y":147},"upperLeft":{"x":253,"y":117}},"dockers":[{"x":268,"y":132}]},{"resourceId":"oryx_003B1171-D641-456F-BBC7-3D3C0B5BFA1D","properties":{"name":"Fin","documentation":"","auditing":"","monitoring":"","eventdefinitionref":"","eventdefinitions":"","datainputassociations":"","datainput":"","inputset":"","bgcolor":"#d07070","trigger":"None"},"stencil":{"id":"EndNoneEvent"},"childShapes":[],"outgoing":[],"bounds":{"lowerRight":{"x":431,"y":146},"upperLeft":{"x":403,"y":118}},"dockers":[]},{"resourceId":"oryx_AC7788FE-88DB-4C85-A439-EA814DA3BA6A","properties":{"type":"http:\/\/b3mn.org\/stencilset\/bpmn2.0#IntermediateEvent","eventdefinitionref":"","eventdefinitions":"","datainputassociations":"","datainput":"","inputset":"","name":"M2","documentation":"","auditing":"","monitoring":"","isinterrupting":true,"boundarycancelactivity":"","bgcolor":"#ffffff","trigger":"Message"},"stencil":{"id":"IntermediateMessageEventCatching"},"childShapes":[],"outgoing":[{"resourceId":"oryx_0030AFC5-2034-449F-B850-0F31F5C92F78"}],"bounds":{"lowerRight":{"x":358,"y":147},"upperLeft":{"x":328,"y":117}},"dockers":[{"x":343,"y":132}]}],"outgoing":[],"bounds":{"lowerRight":{"x":725,"y":274.5},"upperLeft":{"x":30,"y":0}},"dockers":[]}],"outgoing":[],"bounds":{"lowerRight":{"x":745,"y":569},"upperLeft":{"x":20,"y":20}},"dockers":[]},{"resourceId":"oryx_E72DEF73-81F9-429A-95EE-5B340CB04BCC","properties":{"name":"","documentation":"","auditing":"","monitoring":"","conditiontype":"None","conditionexpression":"","isimmediate":"","showdiamondmarker":""},"stencil":{"id":"SequenceFlow"},"childShapes":[],"outgoing":[{"resourceId":"oryx_5DF6D29F-EDB0-4097-BCCA-B442E9091759"}],"bounds":{"lowerRight":{"x":157.15625,"y":153},"upperLeft":{"x":113.609375,"y":151}},"dockers":[{"x":15,"y":15},{"x":50,"y":40}],"target":{"resourceId":"oryx_5DF6D29F-EDB0-4097-BCCA-B442E9091759"}},{"resourceId":"oryx_8B39AD01-0735-4BDA-851F-37F3B45CFF3B","properties":{"name":"","documentation":"","auditing":"","monitoring":"","conditiontype":"None","conditionexpression":"","isimmediate":"","showdiamondmarker":""},"stencil":{"id":"SequenceFlow"},"childShapes":[],"outgoing":[{"resourceId":"oryx_DCA7290B-B7B4-4AB1-8812-BEA09DA2053E"}],"bounds":{"lowerRight":{"x":149.15625,"y":380.5},"upperLeft":{"x":105.609375,"y":378.5}},"dockers":[{"x":15,"y":15},{"x":50,"y":40}],"target":{"resourceId":"oryx_DCA7290B-B7B4-4AB1-8812-BEA09DA2053E"}},{"resourceId":"oryx_37008A55-3223-45F1-BE6C-7EB40E609CE1","properties":{"name":"","documentation":"","auditing":"","monitoring":"","conditiontype":"None","conditionexpression":"","isimmediate":"","showdiamondmarker":""},"stencil":{"id":"SequenceFlow"},"childShapes":[],"outgoing":[{"resourceId":"oryx_3CA6C7B0-D000-4968-869C-81E6C4C3DE75"}],"bounds":{"lowerRight":{"x":294.64844687001,"y":379.90973353623},"upperLeft":{"x":250.62889687999,"y":379.71917271377}},"dockers":[{"x":50,"y":40},{"x":20.5,"y":20.5}],"target":{"resourceId":"oryx_3CA6C7B0-D000-4968-869C-81E6C4C3DE75"}},{"resourceId":"oryx_A98D0B95-134D-4637-A6A7-F2DD02072F67","properties":{"name":"","documentation":"","auditing":"","monitoring":"","conditiontype":"None","conditionexpression":"NO","isimmediate":"","showdiamondmarker":""},"stencil":{"id":"SequenceFlow"},"childShapes":[],"outgoing":[{"resourceId":"oryx_9C986CD5-0348-45D3-AE4F-5A842C77F847"}],"bounds":{"lowerRight":{"x":379.80078125,"y":471},"upperLeft":{"x":315.5,"y":400.1953125}},"dockers":[{"x":20.5,"y":20.5},{"x":315.5,"y":471},{"x":50,"y":40}],"target":{"resourceId":"oryx_9C986CD5-0348-45D3-AE4F-5A842C77F847"}},{"resourceId":"oryx_AAB6E578-B50F-497D-AB20-D964636D069A","properties":{"name":"","documentation":"","auditing":"","monitoring":"","conditiontype":"None","conditionexpression":"SI","isimmediate":"","showdiamondmarker":""},"stencil":{"id":"SequenceFlow"},"childShapes":[],"outgoing":[{"resourceId":"oryx_ACAFD552-35D9-4337-9FDE-A8B298CAEB54"}],"bounds":{"lowerRight":{"x":519.28515625,"y":381},"upperLeft":{"x":335.8359375,"y":379}},"dockers":[{"x":20.5,"y":20.5},{"x":20.5,"y":20.5}],"target":{"resourceId":"oryx_ACAFD552-35D9-4337-9FDE-A8B298CAEB54"}},{"resourceId":"oryx_05B4159F-7CED-4E56-BD27-0052365B5C32","properties":{"name":"","documentation":"","auditing":"","monitoring":"","conditiontype":"None","conditionexpression":"","isimmediate":"","showdiamondmarker":""},"stencil":{"id":"SequenceFlow"},"childShapes":[],"outgoing":[{"resourceId":"oryx_ACAFD552-35D9-4337-9FDE-A8B298CAEB54"}],"bounds":{"lowerRight":{"x":540,"y":471},"upperLeft":{"x":480.84375,"y":399.0859375}},"dockers":[{"x":50,"y":40},{"x":540,"y":471},{"x":20,"y":20}],"target":{"resourceId":"oryx_ACAFD552-35D9-4337-9FDE-A8B298CAEB54"}},{"resourceId":"oryx_C44B51DD-11F0-4469-A4BC-677822A8E224","properties":{"name":"","documentation":"","auditing":"","monitoring":"","conditiontype":"None","conditionexpression":"","isimmediate":"","showdiamondmarker":""},"stencil":{"id":"SequenceFlow"},"childShapes":[],"outgoing":[{"resourceId":"oryx_21C34454-567F-4EC1-B1FF-3F33C261FFB5"}],"bounds":{"lowerRight":{"x":302.390625,"y":153},"upperLeft":{"x":258.84375,"y":151}},"dockers":[{"x":50,"y":40},{"x":15,"y":15}],"target":{"resourceId":"oryx_21C34454-567F-4EC1-B1FF-3F33C261FFB5"}},{"resourceId":"oryx_BEFC61DC-BE18-4931-94F7-C71E15848407","properties":{"name":"","documentation":"","auditing":"","monitoring":"","conditiontype":"None","conditionexpression":"","isimmediate":"","showdiamondmarker":""},"stencil":{"id":"SequenceFlow"},"childShapes":[],"outgoing":[{"resourceId":"oryx_DBC5D0A3-884A-4197-ADD9-D9E3E770DBE5"}],"bounds":{"lowerRight":{"x":604.09376977711,"y":379.87652331621},"upperLeft":{"x":560.13279272289,"y":379.60003918379}},"dockers":[{"x":20.5,"y":20.5},{"x":15,"y":15}],"target":{"resourceId":"oryx_DBC5D0A3-884A-4197-ADD9-D9E3E770DBE5"}},{"resourceId":"oryx_C37F120F-99AE-4F0E-BCCE-EC6A8C2123E3","properties":{"name":"","documentation":"","auditing":"","monitoring":"","conditiontype":"None","conditionexpression":"","isimmediate":"","showdiamondmarker":""},"stencil":{"id":"SequenceFlow"},"childShapes":[],"outgoing":[{"resourceId":"oryx_32AADCD7-9163-4DD9-80B5-628465D974CB"}],"bounds":{"lowerRight":{"x":679.125,"y":380.5},"upperLeft":{"x":635.453125,"y":378.5}},"dockers":[{"x":15,"y":15},{"x":14,"y":14}],"target":{"resourceId":"oryx_32AADCD7-9163-4DD9-80B5-628465D974CB"}},{"resourceId":"oryx_968B9566-9FCF-4D54-91D1-D64A03A42E2E","properties":{"name":"","documentation":"","auditing":"","monitoring":"","conditiontype":"None","conditionexpression":"","isimmediate":"","showdiamondmarker":""},"stencil":{"id":"SequenceFlow"},"childShapes":[],"outgoing":[{"resourceId":"oryx_AC7788FE-88DB-4C85-A439-EA814DA3BA6A"}],"bounds":{"lowerRight":{"x":377.9375,"y":153},"upperLeft":{"x":333.0625,"y":151}},"dockers":[{"x":15,"y":15},{"x":15,"y":15}],"target":{"resourceId":"oryx_AC7788FE-88DB-4C85-A439-EA814DA3BA6A"}},{"resourceId":"oryx_0030AFC5-2034-449F-B850-0F31F5C92F78","properties":{"name":"","documentation":"","auditing":"","monitoring":"","conditiontype":"None","conditionexpression":"","isimmediate":"","showdiamondmarker":""},"stencil":{"id":"SequenceFlow"},"childShapes":[],"outgoing":[{"resourceId":"oryx_003B1171-D641-456F-BBC7-3D3C0B5BFA1D"}],"bounds":{"lowerRight":{"x":452.125,"y":153},"upperLeft":{"x":408.453125,"y":151}},"dockers":[{"x":15,"y":15},{"x":14,"y":14}],"target":{"resourceId":"oryx_003B1171-D641-456F-BBC7-3D3C0B5BFA1D"}}],"bounds":{"lowerRight":{"x":1485,"y":1050},"upperLeft":{"x":0,"y":0}},"stencilset":{"url":"..\/..\/jscript\/bpm-dna2\/stencilsets\/bpmn2.0\/bpmn2.0_2.json","namespace":"http:\/\/b3mn.org\/stencilset\/bpmn2.0#"},"ssextensions":[]}