{"resourceId":"siac","properties":{"name":"Sistema de Atenci\u00f3n Ciudadana","documentation":"Este sistema permite la Gesti\u00f3n de reclamos ciudadanos asignando numero de ticket a la denuncia o reclamo, permitiendo el control y seguimiento del tr\u00e1mite, tanto para el organismo como para el ciudadano. ","auditing":"","monitoring":"","version":"1","author":"Juan Ignacio BORDA","language":"english","namespaces":"","targetnamespace":"http:\/\/www.omg.org\/bpmn20","expressionlanguage":"http:\/\/www.w3.org\/1999\/XPath","typelanguage":"http:\/\/www.w3.org\/2001\/XMLSchema","creationdate":"2015-10-27T00:00:00","modificationdate":"2015-11-02T00:00:00"},"stencil":{"id":"BPMNDiagram"},"childShapes":[{"resourceId":"oryx_8D0619B8-0A15-4F92-93C6-3773108BC78F","properties":{"name":"Sistema de atenci\u00f3n de Reclamos (Carga Web)","documentation":"","auditing":"","monitoring":"","multiinstance":"","resources":"","boundaryvisible":true,"processname":"","status":"None","adhoc":"","adhocordering":"Parallel","adhoccompletioncondition":"","suppressjoinfailure":"","enableinstancecompensation":"","processcategories":"","processdocumentation":"","processtype":"None","isclosed":"","bgcolor":"#ffffff"},"stencil":{"id":"Pool"},"childShapes":[{"resourceId":"oryx_2AD348BE-57F2-4A10-825B-D8E9F1AE681E","properties":{"name":"Ciudadano","documentation":"","auditing":"","monitoring":"","parentpool":"","parentlane":"","resources":"","showcaption":true},"stencil":{"id":"Lane"},"childShapes":[{"resourceId":"oryx_09A224C9-601E-4ADE-BDCF-E5A5B01D292E","properties":{"name":"","documentation":"","auditing":"","monitoring":"","eventdefinitionref":"","eventdefinitions":"","dataoutputassociations":"","dataoutput":"","outputset":"","bgcolor":"#b8d070","trigger":"None"},"stencil":{"id":"StartNoneEvent"},"childShapes":[],"outgoing":[{"resourceId":"oryx_05888BFA-8B3B-45F8-843B-35137BE7A6B1"}],"bounds":{"lowerRight":{"x":105,"y":138},"upperLeft":{"x":75,"y":108}},"dockers":[]},{"resourceId":"oryx_5498A380-4BC8-4446-ADD6-0DD78E35BCA2","properties":{"name":"Carga Formulario de Reclamo","documentation":"Linkear en la propiedad \"rendering\" de la tarea, a la url de carga del formulario\nej: {base_url}siac\/formulario\n\nGuardar los datos del formulario en: data->formulario \ntoken:\n\ncase:{idcase}\nidwf:{idwf}\nresourceId:{resourceId}\n\n\ny luego devolver el flujo a:\n\n{base_url}bpm\/engine\/run_post\/model\/{idwf}\/{idcase}\/{resourceId}\n\n2do's:\n* customizar el formulario seg\u00fan el contexto\n* implementar un captcha\n* filtro XSS","auditing":"","monitoring":"","categories":"","startquantity":1,"completionquantity":1,"isforcompensation":"","assignments":"","callacitivity":false,"tasktype":"User","implementation":"webService","resources":"","messageref":"","rendering":"siac\/formulario","callableelement":"","operationref":"","instantiate":"","script":"","script_language":"","bgcolor":"#ffffcc","looptype":"None","testbefore":"","loopcondition":"","loopmaximum":"","loopcardinality":"","loopdatainput":"","loopdataoutput":"","inputdataitem":"","outputdataitem":"","behavior":"all","complexbehaviordefinition":"","completioncondition":"","onebehavioreventref:":"signal","nonebehavioreventref":"signal","properties":"","datainputset":"","dataoutputset":""},"stencil":{"id":"Task"},"childShapes":[],"outgoing":[{"resourceId":"oryx_AD5585D7-EE9E-426E-A5D6-AF4670C8A00C"}],"bounds":{"lowerRight":{"x":250,"y":163},"upperLeft":{"x":150,"y":83}},"dockers":[]},{"resourceId":"oryx_2AA7831F-12F7-49D4-A0F2-458DA1738789","properties":{"name":"Su Reclamo No:{id_tramite} ha sido recibido.","documentation":"","auditing":"","monitoring":"","categories":"","startquantity":1,"completionquantity":1,"isforcompensation":"","assignments":"","callacitivity":"","tasktype":"Send","implementation":"webService","resources":"","messageref":"","rendering":"","callableelement":"","operationref":"","instantiate":"","script":"","script_language":"","bgcolor":"#ffffcc","looptype":"None","testbefore":"","loopcondition":"","loopmaximum":"","loopcardinality":"","loopdatainput":"","loopdataoutput":"","inputdataitem":"","outputdataitem":"","behavior":"all","complexbehaviordefinition":"","completioncondition":"","onebehavioreventref:":"signal","nonebehavioreventref":"signal","properties":"","datainputset":"","dataoutputset":""},"stencil":{"id":"Task"},"childShapes":[],"outgoing":[{"resourceId":"oryx_72B4B3E1-197F-43BC-A7C0-446884D7A3F1"}],"bounds":{"lowerRight":{"x":644,"y":162},"upperLeft":{"x":495,"y":83}},"dockers":[]},{"resourceId":"oryx_E56176AC-D16B-4960-BC1C-472AAF02D131","properties":{"type":"http:\/\/b3mn.org\/stencilset\/bpmn2.0#IntermediateEvent","name":"Procesar Reclamo","documentation":"","auditing":"","monitoring":"","eventdefinitionref":"","eventdefinitions":"","datainputassociations":"","datainput":"","inputset":"","bgcolor":"#ffffff","trigger":"Message"},"stencil":{"id":"IntermediateMessageEventThrowing"},"childShapes":[],"outgoing":[],"bounds":{"lowerRight":{"x":330,"y":137.5},"upperLeft":{"x":300,"y":107.5}},"dockers":[{"x":315,"y":122.5}]},{"resourceId":"oryx_F89DC4A5-85D1-4359-BCAA-8A50B6FA0BB8","properties":{"name":"Reclamo Recibido","documentation":"","auditing":"","monitoring":"","isinterrupting":true,"boundarycancelactivity":"","bgcolor":"#ffffff","trigger":"Message"},"stencil":{"id":"IntermediateMessageEventCatching"},"childShapes":[],"outgoing":[{"resourceId":"oryx_A2A2BB94-F5FF-47E1-A4E4-DA6FD7DE8EFC"}],"bounds":{"lowerRight":{"x":453,"y":138},"upperLeft":{"x":423,"y":108}},"dockers":[{"x":438,"y":123}]},{"resourceId":"oryx_4ECB0848-7974-4499-BAEA-E75A8FE8304A","properties":{"name":"Fin","documentation":"","auditing":"","monitoring":"","eventdefinitionref":"","eventdefinitions":"","datainputassociations":"","datainput":"","inputset":"","bgcolor":"#d07070","trigger":"None"},"stencil":{"id":"EndNoneEvent"},"childShapes":[],"outgoing":[],"bounds":{"lowerRight":{"x":717,"y":136.5},"upperLeft":{"x":689,"y":108.5}},"dockers":[]},{"resourceId":"oryx_5575BA91-B1CA-4704-B3E7-BABAF80A1A4D","properties":{"name":"Su Reclamo: {id tramite} ha sido resuelto","documentation":"","auditing":"","monitoring":"","categories":"","startquantity":1,"completionquantity":1,"isforcompensation":"","assignments":"","callacitivity":"","tasktype":"Send","implementation":"webService","resources":"","messageref":"","rendering":"","callableelement":"","operationref":"","instantiate":"","script":"","script_language":"","bgcolor":"#ffffcc","looptype":"None","testbefore":"","loopcondition":"","loopmaximum":"","loopcardinality":"","loopdatainput":"","loopdataoutput":"","inputdataitem":"","outputdataitem":"","behavior":"all","complexbehaviordefinition":"","completioncondition":"","onebehavioreventref:":"signal","nonebehavioreventref":"signal","properties":"","datainputset":"","dataoutputset":""},"stencil":{"id":"Task"},"childShapes":[],"outgoing":[{"resourceId":"oryx_5917859C-837B-401F-99E5-A9FCB0AD6BD7"}],"bounds":{"lowerRight":{"x":1285,"y":163},"upperLeft":{"x":1185,"y":83}},"dockers":[]},{"resourceId":"oryx_36B54ABE-77B0-4E01-95D2-278A9518C85E","properties":{"name":"Fin","documentation":"","auditing":"","monitoring":"","eventdefinitionref":"","eventdefinitions":"","datainputassociations":"","datainput":"","inputset":"","bgcolor":"#d07070","trigger":"None"},"stencil":{"id":"EndNoneEvent"},"childShapes":[],"outgoing":[],"bounds":{"lowerRight":{"x":1358,"y":136.5},"upperLeft":{"x":1330,"y":108.5}},"dockers":[]}],"outgoing":[],"bounds":{"lowerRight":{"x":1450,"y":224},"upperLeft":{"x":30,"y":0}},"dockers":[]},{"resourceId":"oryx_BE99E461-A10C-4B9A-A0DD-DFE0BBE7B566","properties":{"name":"Centro de Atenci\u00f3n","documentation":"","auditing":"","monitoring":"","parentpool":"","parentlane":"","resources":"","showcaption":true},"stencil":{"id":"Lane"},"childShapes":[{"resourceId":"oryx_A69AFE28-9535-47F6-92A8-3E90E832081B","properties":{"name":"Reclamo Recibido","documentation":"","auditing":"","monitoring":"","isinterrupting":true,"boundarycancelactivity":"","bgcolor":"#ffffff","trigger":"Message"},"stencil":{"id":"IntermediateMessageEventCatching"},"childShapes":[],"outgoing":[{"resourceId":"oryx_365F3CF1-4264-471D-9054-76DCC8650AF3"}],"bounds":{"lowerRight":{"x":105,"y":180},"upperLeft":{"x":75,"y":150}},"dockers":[{"x":90,"y":165}]},{"resourceId":"oryx_19DBB58C-951B-4708-AA19-3EC570105DC5","properties":{"name":"Nuevo Reclamo: {id_tramite}","documentation":"","auditing":"","monitoring":"","categories":"","startquantity":1,"completionquantity":1,"isforcompensation":"","assignments":"","callacitivity":"","tasktype":"Send","implementation":"webService","resources":"","messageref":"","rendering":"","callableelement":"","operationref":"","instantiate":"","script":"","script_language":"","bgcolor":"#ffffcc","looptype":"None","testbefore":"","loopcondition":"","loopmaximum":"","loopcardinality":"","loopdatainput":"","loopdataoutput":"","inputdataitem":"","outputdataitem":"","behavior":"all","complexbehaviordefinition":"","completioncondition":"","onebehavioreventref:":"signal","nonebehavioreventref":"signal","properties":"","datainputset":"","dataoutputset":""},"stencil":{"id":"Task"},"childShapes":[],"outgoing":[{"resourceId":"oryx_BEE7B7D5-501B-4D02-B497-0C8846C8385C"}],"bounds":{"lowerRight":{"x":250,"y":205},"upperLeft":{"x":150,"y":125}},"dockers":[]},{"resourceId":"oryx_7979AD5D-AB15-43B7-A66B-FAB6F58A737A","properties":{"name":"Evaluar Reclamo: {id_tramite}","documentation":"En este paso, los operadores del centro de atenci\u00f3n deben evaluar la pertinencia del reclamo y decidir si se le da curso o se rechaza","auditing":"","monitoring":"","categories":"","startquantity":1,"completionquantity":1,"isforcompensation":"","assignments":"","callacitivity":"","tasktype":"User","implementation":"webService","resources":"","messageref":"","rendering":"","callableelement":"","operationref":"","instantiate":"","script":"","script_language":"","bgcolor":"#ffffcc","looptype":"None","testbefore":"","loopcondition":"","loopmaximum":"","loopcardinality":"","loopdatainput":"","loopdataoutput":"","inputdataitem":"","outputdataitem":"","behavior":"all","complexbehaviordefinition":"","completioncondition":"","onebehavioreventref:":"signal","nonebehavioreventref":"signal","properties":"","datainputset":"","dataoutputset":""},"stencil":{"id":"Task"},"childShapes":[],"outgoing":[{"resourceId":"oryx_208CA2D2-44CA-4D5B-A5F6-B2E96EE4384C"}],"bounds":{"lowerRight":{"x":400,"y":205},"upperLeft":{"x":300,"y":125}},"dockers":[]},{"resourceId":"oryx_444F3A77-0C7A-474F-B982-471C64DEBED4","properties":{"name":"Aprueba?","documentation":"","auditing":"","monitoring":"","categories":"","assignments":"","pool":"","lanes":"","gates":"","gates_outgoingsequenceflow":"","gates_assignments":"","bgcolor":"#d0ce70","gatewaytype":"XOR","xortype":"Data","markervisible":"true","defaultgate":"","gate_outgoingsequenceflow":"","gate_assignments":""},"stencil":{"id":"Exclusive_Databased_Gateway"},"childShapes":[],"outgoing":[{"resourceId":"oryx_D719B2C5-99A3-445A-9021-2807E891D344"},{"resourceId":"oryx_5E3036EF-1D61-4E3A-A59B-1CA9C3205185"}],"bounds":{"lowerRight":{"x":486,"y":185},"upperLeft":{"x":446,"y":145}},"dockers":[]},{"resourceId":"oryx_DFE9E6E3-05E6-400C-83E4-E6153A3A30B1","properties":{"name":"Deriva el reclamo para su resoluci\u00f3n","documentation":"Carga un destino para la derivaci\u00f3n del reclamo","auditing":"","monitoring":"","categories":"","startquantity":1,"completionquantity":1,"isforcompensation":"","assignments":"","callacitivity":"","tasktype":"User","implementation":"webService","resources":"","messageref":"","rendering":"","callableelement":"","operationref":"","instantiate":"","script":"","script_language":"","bgcolor":"#ffffcc","looptype":"None","testbefore":"","loopcondition":"","loopmaximum":"","loopcardinality":"","loopdatainput":"","loopdataoutput":"","inputdataitem":"","outputdataitem":"","behavior":"all","complexbehaviordefinition":"","completioncondition":"","onebehavioreventref:":"signal","nonebehavioreventref":"signal","properties":"","datainputset":{"totalCount":1,"items":[{"name":"Destino","optional":"false","whileexecuting":"true"}]},"dataoutputset":""},"stencil":{"id":"Task"},"childShapes":[],"outgoing":[{"resourceId":"oryx_291AD928-1802-4059-A886-DC3598B64760"}],"bounds":{"lowerRight":{"x":642,"y":141},"upperLeft":{"x":542,"y":61}},"dockers":[]},{"resourceId":"oryx_5B246C6B-13F2-4F32-B356-8A8668CE209B","properties":{"name":"Carga Motivo Rechazo Reclamo","documentation":"","auditing":"","monitoring":"","categories":"","startquantity":1,"completionquantity":1,"isforcompensation":"","assignments":"","callacitivity":"","tasktype":"User","implementation":"webService","resources":"","messageref":"","rendering":"","callableelement":"","operationref":"","instantiate":"","script":"","script_language":"","bgcolor":"#ffffcc","looptype":"None","testbefore":"","loopcondition":"","loopmaximum":"","loopcardinality":"","loopdatainput":"","loopdataoutput":"","inputdataitem":"","outputdataitem":"","behavior":"all","complexbehaviordefinition":"","completioncondition":"","onebehavioreventref:":"signal","nonebehavioreventref":"signal","properties":"","datainputset":{"totalCount":1,"items":[{"name":"Motivo","optional":"false","whileexecuting":"true"}]},"dataoutputset":""},"stencil":{"id":"Task"},"childShapes":[],"outgoing":[{"resourceId":"oryx_A080ABB8-B5D0-4CB3-B1EB-371CF1FBFA15"}],"bounds":{"lowerRight":{"x":642,"y":272},"upperLeft":{"x":542,"y":192}},"dockers":[]},{"resourceId":"oryx_C1DEAE32-499D-433C-A3A2-1B3BFABEC7A6","properties":{"name":"Su Reclamo: {id_tramite} ha sido derivado.","documentation":"Mesaje de derivaci\u00f3n del tr\u00e1mite: {id_tramite } al area {area} para su resoluci\u00f3n\n\nfecha: {date}\n\n{user signature}","auditing":"","monitoring":"","categories":"","startquantity":1,"completionquantity":1,"isforcompensation":"","assignments":"","callacitivity":false,"tasktype":"Send","implementation":"webService","resources":{"totalCount":1,"items":[{"resource_type":"PotentialOwner","resource":"user","resourceassignmentexpr":"Initiator","language":"","evaluatestotype":""}]},"messageref":"","rendering":"","callableelement":"","operationref":"","instantiate":"","script":"","script_language":"","bgcolor":"#ffffcc","looptype":"None","testbefore":"","loopcondition":"","loopmaximum":"","loopcardinality":"","loopdatainput":"","loopdataoutput":"","inputdataitem":"","outputdataitem":"","behavior":"all","complexbehaviordefinition":"","completioncondition":"","onebehavioreventref:":"signal","nonebehavioreventref":"signal","properties":"","datainputset":"","dataoutputset":""},"stencil":{"id":"Task"},"childShapes":[],"outgoing":[{"resourceId":"oryx_F3F6CD44-AF2E-436C-8F2E-0301E4ADA15D"}],"bounds":{"lowerRight":{"x":804,"y":141},"upperLeft":{"x":687,"y":61}},"dockers":[]},{"resourceId":"oryx_CECBDA82-8D7A-4297-BF6A-B46DE2D0A15B","properties":{"name":"Su reclamo: {id_tramite} no se ha procesado","documentation":"Motivo del desistimiento de procesar el tramite {id_tramite}\n\n{motivo}\n\nfecha: {date} \n\n{user signature}","auditing":"","monitoring":"","categories":"","startquantity":1,"completionquantity":1,"isforcompensation":"","assignments":"","callacitivity":false,"tasktype":"Send","implementation":"webService","resources":{"totalCount":1,"items":[{"resource_type":"PotentialOwner","resource":"user","resourceassignmentexpr":"Initiator","language":"","evaluatestotype":""}]},"messageref":"","rendering":"","callableelement":"","operationref":"","instantiate":"","script":"","script_language":"","bgcolor":"#ffffcc","looptype":"None","testbefore":"","loopcondition":"","loopmaximum":"","loopcardinality":"","loopdatainput":"","loopdataoutput":"","inputdataitem":"","outputdataitem":"","behavior":"all","complexbehaviordefinition":"","completioncondition":"","onebehavioreventref:":"signal","nonebehavioreventref":"signal","properties":"","datainputset":"","dataoutputset":""},"stencil":{"id":"Task"},"childShapes":[],"outgoing":[{"resourceId":"oryx_BE479DAE-B353-45A8-A23E-B806EC454467"}],"bounds":{"lowerRight":{"x":808,"y":272},"upperLeft":{"x":687,"y":192}},"dockers":[]},{"resourceId":"oryx_32C49906-DA3C-4DEE-9637-D930C1375597","properties":{"name":"Reclamo Resuelto: {id_tramite}","documentation":"","auditing":"","monitoring":"","categories":"","startquantity":1,"completionquantity":1,"isforcompensation":"","assignments":"","callacitivity":"","tasktype":"Send","implementation":"webService","resources":"","messageref":"","rendering":"","callableelement":"","operationref":"","instantiate":"","script":"","script_language":"","bgcolor":"#ffffcc","looptype":"None","testbefore":"","loopcondition":"","loopmaximum":"","loopcardinality":"","loopdatainput":"","loopdataoutput":"","inputdataitem":"","outputdataitem":"","behavior":"all","complexbehaviordefinition":"","completioncondition":"","onebehavioreventref:":"signal","nonebehavioreventref":"signal","properties":"","datainputset":"","dataoutputset":""},"stencil":{"id":"Task"},"childShapes":[],"outgoing":[{"resourceId":"oryx_35B61E12-633E-4F14-82F6-AF0D77B1A54E"}],"bounds":{"lowerRight":{"x":1285,"y":141},"upperLeft":{"x":1185,"y":61}},"dockers":[]},{"resourceId":"oryx_70D5ABF7-8DDA-48F1-AC9B-7DB171B9E27E","properties":{"name":"Fin","documentation":"","auditing":"","monitoring":"","eventdefinitionref":"","eventdefinitions":"","datainputassociations":"","datainput":"","inputset":"","bgcolor":"#d07070","trigger":"None"},"stencil":{"id":"EndNoneEvent"},"childShapes":[],"outgoing":[],"bounds":{"lowerRight":{"x":881,"y":246},"upperLeft":{"x":853,"y":218}},"dockers":[]},{"resourceId":"oryx_399FE4B5-B307-4B13-A498-1F610F9B076C","properties":{"name":"Derivaci\u00f3n","documentation":"","auditing":"","monitoring":"","eventdefinitionref":"","eventdefinitions":"","datainputassociations":"","datainput":"","inputset":"","bgcolor":"#ffffff","trigger":"Message"},"stencil":{"id":"IntermediateMessageEventThrowing"},"childShapes":[],"outgoing":[{"resourceId":"oryx_1C9B3109-B455-4764-AFC5-707AA766E75E"}],"bounds":{"lowerRight":{"x":882,"y":116},"upperLeft":{"x":852,"y":86}},"dockers":[{"x":867,"y":101}]},{"resourceId":"oryx_232215ED-C9F8-4249-9880-514FE3641D03","properties":{"name":"Reclamo Resuelto?","documentation":"","auditing":"","monitoring":"","categories":"","assignments":"","pool":"","lanes":"","gates":"","gates_outgoingsequenceflow":"","gates_assignments":"","bgcolor":"#d0ce70","gatewaytype":"XOR","xortype":"Data","markervisible":"true","defaultgate":"","gate_outgoingsequenceflow":"","gate_assignments":""},"stencil":{"id":"Exclusive_Databased_Gateway"},"childShapes":[],"outgoing":[{"resourceId":"oryx_5BD89E69-ECD0-4430-B982-0D64F72CCC97"},{"resourceId":"oryx_8A5ABD61-DD56-4FA7-95BD-BC246127A6A2"}],"bounds":{"lowerRight":{"x":1065,"y":121},"upperLeft":{"x":1025,"y":81}},"dockers":[]},{"resourceId":"oryx_2722C234-ADE9-49A8-BA0A-5375E8856C48","properties":{"eventdefinitionref":"","type":"http:\/\/b3mn.org\/stencilset\/bpmn2.0#IntermediateEvent","eventdefinitions":"","datainputassociations":"","datainput":"","inputset":"","name":"Resoluci\u00f3n","documentation":"","auditing":"","monitoring":"","isinterrupting":true,"boundarycancelactivity":"","bgcolor":"#ffffff","trigger":"Message"},"stencil":{"id":"IntermediateMessageEventCatching"},"childShapes":[],"outgoing":[{"resourceId":"oryx_586DB4E3-920B-4309-9A4E-514A99CC3A08"}],"bounds":{"lowerRight":{"x":977,"y":116},"upperLeft":{"x":947,"y":86}},"dockers":[{"x":962,"y":101}]}],"outgoing":[],"bounds":{"lowerRight":{"x":1450,"y":514},"upperLeft":{"x":30,"y":224}},"dockers":[]},{"resourceId":"oryx_996A350F-E8F5-458B-B53D-4B4A4130A916","properties":{"name":"Sistema","documentation":"","auditing":"","monitoring":"","parentpool":"","parentlane":"","resources":"","showcaption":true},"stencil":{"id":"Lane"},"childShapes":[{"resourceId":"oryx_4198187F-CCFA-4B21-8CC7-70765C2D0990","properties":{"datainput":"","eventdefinitionref":"","inputset":"","eventdefinitions":"","type":"http:\/\/b3mn.org\/stencilset\/bpmn2.0#IntermediateMessageEventThrowing","datainputassociations":"","name":"Procesar Reclamo","documentation":"","auditing":"","monitoring":"","isinterrupting":true,"boundarycancelactivity":"","bgcolor":"#ffffff","trigger":"Message"},"stencil":{"id":"IntermediateMessageEventCatching"},"childShapes":[],"outgoing":[{"resourceId":"oryx_677384C8-B99A-4BD0-AFF9-68E7EB57EAC2"}],"bounds":{"lowerRight":{"x":105,"y":140},"upperLeft":{"x":75,"y":110}},"dockers":[{"x":90,"y":125}]},{"resourceId":"oryx_5979D657-F313-440B-A4BE-49AE18708B7D","properties":{"name":"Guardar Reclamo","documentation":"","auditing":"","monitoring":"","categories":"","startquantity":1,"completionquantity":1,"isforcompensation":"","assignments":"","callacitivity":"","tasktype":"Script","implementation":"webService","resources":"","messageref":"","rendering":"","callableelement":"","operationref":"","instantiate":"","script":"","script_language":"","bgcolor":"#ffffcc","looptype":"None","testbefore":"","loopcondition":"","loopmaximum":"","loopcardinality":"","loopdatainput":"","loopdataoutput":"","inputdataitem":"","outputdataitem":"","behavior":"all","complexbehaviordefinition":"","completioncondition":"","onebehavioreventref:":"signal","nonebehavioreventref":"signal","properties":"","datainputset":"","dataoutputset":""},"stencil":{"id":"Task"},"childShapes":[],"outgoing":[{"resourceId":"oryx_100D65BD-B6DD-438E-9B98-7227B2FE13DB"}],"bounds":{"lowerRight":{"x":250,"y":165},"upperLeft":{"x":150,"y":85}},"dockers":[]},{"resourceId":"oryx_34857DE3-70E3-40B3-9C76-1BC7EDEA0AC9","properties":{"type":"http:\/\/b3mn.org\/stencilset\/bpmn2.0#IntermediateEvent","name":"Reclamo Recibido","documentation":"","auditing":"","monitoring":"","eventdefinitionref":"","eventdefinitions":"","datainputassociations":"","datainput":"","inputset":"","bgcolor":"#ffffff","trigger":"Message"},"stencil":{"id":"IntermediateMessageEventThrowing"},"childShapes":[],"outgoing":[],"bounds":{"lowerRight":{"x":315,"y":140},"upperLeft":{"x":285,"y":110}},"dockers":[{"x":300,"y":125}]},{"resourceId":"oryx_12BCA5A7-903B-4E6B-8637-E27B9C425E33","properties":{"name":"Servicios","documentation":"","auditing":"","monitoring":"","categories":"","itemsubjectref":"","datastate":"","bgcolor":"#FFFF99","capacity":"","isunlimited":"","datastoreref":"application\/modules\/siac\/assets\/json\/servicios.json","query":"array","connector":"json"},"stencil":{"id":"DataStore"},"childShapes":[],"outgoing":[],"bounds":{"lowerRight":{"x":557.001,"y":161.173},"upperLeft":{"x":495,"y":101}},"dockers":[]}],"outgoing":[],"bounds":{"lowerRight":{"x":1450,"y":764},"upperLeft":{"x":30,"y":514}},"dockers":[]}],"outgoing":[{"resourceId":"oryx_DA6A2389-1FC2-4F7E-BA2C-1E4ED31109E1"}],"bounds":{"lowerRight":{"x":1465,"y":779},"upperLeft":{"x":15,"y":15}},"dockers":[]},{"resourceId":"oryx_05888BFA-8B3B-45F8-843B-35137BE7A6B1","properties":{"name":"","documentation":"","auditing":"","monitoring":"","conditiontype":"None","conditionexpression":"","isimmediate":"","showdiamondmarker":""},"stencil":{"id":"SequenceFlow"},"childShapes":[],"outgoing":[{"resourceId":"oryx_5498A380-4BC8-4446-ADD6-0DD78E35BCA2"}],"bounds":{"lowerRight":{"x":194.15625,"y":139},"upperLeft":{"x":150.609375,"y":137}},"dockers":[{"x":15,"y":15},{"x":50,"y":40}],"target":{"resourceId":"oryx_5498A380-4BC8-4446-ADD6-0DD78E35BCA2"}},{"resourceId":"oryx_AD5585D7-EE9E-426E-A5D6-AF4670C8A00C","properties":{"name":"","documentation":"","auditing":"","monitoring":"","conditiontype":"None","conditionexpression":"","isimmediate":"","showdiamondmarker":""},"stencil":{"id":"SequenceFlow"},"childShapes":[],"outgoing":[{"resourceId":"oryx_E56176AC-D16B-4960-BC1C-472AAF02D131"}],"bounds":{"lowerRight":{"x":344.62500945166,"y":137.78080846501},"upperLeft":{"x":295.41405304834,"y":137.56684778499}},"dockers":[{"x":50,"y":40},{"x":15,"y":15}],"target":{"resourceId":"oryx_E56176AC-D16B-4960-BC1C-472AAF02D131"}},{"resourceId":"oryx_677384C8-B99A-4BD0-AFF9-68E7EB57EAC2","properties":{"name":"","documentation":"","auditing":"","monitoring":"","conditiontype":"None","conditionexpression":"","isimmediate":"","showdiamondmarker":""},"stencil":{"id":"SequenceFlow"},"childShapes":[],"outgoing":[{"resourceId":"oryx_5979D657-F313-440B-A4BE-49AE18708B7D"}],"bounds":{"lowerRight":{"x":194.15625,"y":655},"upperLeft":{"x":150.609375,"y":653}},"dockers":[{"x":15,"y":15},{"x":50,"y":40}],"target":{"resourceId":"oryx_5979D657-F313-440B-A4BE-49AE18708B7D"}},{"resourceId":"oryx_100D65BD-B6DD-438E-9B98-7227B2FE13DB","properties":{"name":"","documentation":"","auditing":"","monitoring":"","conditiontype":"None","conditionexpression":"","isimmediate":"","showdiamondmarker":""},"stencil":{"id":"SequenceFlow"},"childShapes":[],"outgoing":[{"resourceId":"oryx_34857DE3-70E3-40B3-9C76-1BC7EDEA0AC9"}],"bounds":{"lowerRight":{"x":329.9375,"y":655},"upperLeft":{"x":296,"y":653}},"dockers":[{"x":50,"y":40},{"x":15,"y":15}],"target":{"resourceId":"oryx_34857DE3-70E3-40B3-9C76-1BC7EDEA0AC9"}},{"resourceId":"oryx_A2A2BB94-F5FF-47E1-A4E4-DA6FD7DE8EFC","properties":{"name":"","documentation":"","auditing":"","monitoring":"","conditiontype":"None","conditionexpression":"","isimmediate":"","showdiamondmarker":""},"stencil":{"id":"SequenceFlow"},"childShapes":[],"outgoing":[{"resourceId":"oryx_2AA7831F-12F7-49D4-A0F2-458DA1738789"}],"bounds":{"lowerRight":{"x":539.53125722859,"y":137.94151024612},"upperLeft":{"x":498.38280527141,"y":137.78505225388}},"dockers":[{"x":15,"y":15},{"x":74.5,"y":39.5}],"target":{"resourceId":"oryx_2AA7831F-12F7-49D4-A0F2-458DA1738789"}},{"resourceId":"oryx_72B4B3E1-197F-43BC-A7C0-446884D7A3F1","properties":{"name":"","documentation":"","auditing":"","monitoring":"","conditiontype":"None","conditionexpression":"","isimmediate":"","showdiamondmarker":""},"stencil":{"id":"SequenceFlow"},"childShapes":[],"outgoing":[{"resourceId":"oryx_4ECB0848-7974-4499-BAEA-E75A8FE8304A"}],"bounds":{"lowerRight":{"x":733.44140625,"y":138.5},"upperLeft":{"x":689.55078125,"y":136.5}},"dockers":[{"x":74.5,"y":39.5},{"x":14,"y":14}],"target":{"resourceId":"oryx_4ECB0848-7974-4499-BAEA-E75A8FE8304A"}},{"resourceId":"oryx_365F3CF1-4264-471D-9054-76DCC8650AF3","properties":{"name":"","documentation":"","auditing":"","monitoring":"","conditiontype":"None","conditionexpression":"","isimmediate":"","showdiamondmarker":""},"stencil":{"id":"SequenceFlow"},"childShapes":[],"outgoing":[{"resourceId":"oryx_19DBB58C-951B-4708-AA19-3EC570105DC5"}],"bounds":{"lowerRight":{"x":194.15625,"y":405},"upperLeft":{"x":150.609375,"y":403}},"dockers":[{"x":15,"y":15},{"x":50,"y":40}],"target":{"resourceId":"oryx_19DBB58C-951B-4708-AA19-3EC570105DC5"}},{"resourceId":"oryx_BEE7B7D5-501B-4D02-B497-0C8846C8385C","properties":{"name":"","documentation":"","auditing":"","monitoring":"","conditiontype":"None","conditionexpression":"","isimmediate":"","showdiamondmarker":""},"stencil":{"id":"SequenceFlow"},"childShapes":[],"outgoing":[{"resourceId":"oryx_7979AD5D-AB15-43B7-A66B-FAB6F58A737A"}],"bounds":{"lowerRight":{"x":344.78125,"y":405},"upperLeft":{"x":295.21875,"y":403}},"dockers":[{"x":50,"y":40},{"x":50,"y":40}],"target":{"resourceId":"oryx_7979AD5D-AB15-43B7-A66B-FAB6F58A737A"}},{"resourceId":"oryx_208CA2D2-44CA-4D5B-A5F6-B2E96EE4384C","properties":{"name":"","documentation":"","auditing":"","monitoring":"","conditiontype":"None","conditionexpression":"","isimmediate":"","showdiamondmarker":""},"stencil":{"id":"SequenceFlow"},"childShapes":[],"outgoing":[{"resourceId":"oryx_444F3A77-0C7A-474F-B982-471C64DEBED4"}],"bounds":{"lowerRight":{"x":490.47657170984,"y":404.40977069403},"upperLeft":{"x":445.14842829016,"y":404.21522930597}},"dockers":[{"x":50,"y":40},{"x":20.5,"y":20.5}],"target":{"resourceId":"oryx_444F3A77-0C7A-474F-B982-471C64DEBED4"}},{"resourceId":"oryx_D719B2C5-99A3-445A-9021-2807E891D344","properties":{"name":"","documentation":"","auditing":"","monitoring":"","conditiontype":"None","conditionexpression":"Si","isimmediate":"","showdiamondmarker":""},"stencil":{"id":"SequenceFlow"},"childShapes":[],"outgoing":[{"resourceId":"oryx_DFE9E6E3-05E6-400C-83E4-E6153A3A30B1"}],"bounds":{"lowerRight":{"x":586.9765625,"y":383.34375},"upperLeft":{"x":511.5,"y":340}},"dockers":[{"x":20.5,"y":20.5},{"x":511.5,"y":340},{"x":50,"y":40}],"target":{"resourceId":"oryx_DFE9E6E3-05E6-400C-83E4-E6153A3A30B1"}},{"resourceId":"oryx_5E3036EF-1D61-4E3A-A59B-1CA9C3205185","properties":{"name":"","documentation":"","auditing":"","monitoring":"","conditiontype":"None","conditionexpression":"No","isimmediate":"","showdiamondmarker":""},"stencil":{"id":"SequenceFlow"},"childShapes":[],"outgoing":[{"resourceId":"oryx_5B246C6B-13F2-4F32-B356-8A8668CE209B"}],"bounds":{"lowerRight":{"x":586.9765625,"y":471},"upperLeft":{"x":511.5,"y":424.203125}},"dockers":[{"x":20.5,"y":20.5},{"x":511.5,"y":471},{"x":50,"y":40}],"target":{"resourceId":"oryx_5B246C6B-13F2-4F32-B356-8A8668CE209B"}},{"resourceId":"oryx_291AD928-1802-4059-A886-DC3598B64760","properties":{"name":"","documentation":"","auditing":"","monitoring":"","conditiontype":"None","conditionexpression":"","isimmediate":"","showdiamondmarker":""},"stencil":{"id":"SequenceFlow"},"childShapes":[],"outgoing":[{"resourceId":"oryx_C1DEAE32-499D-433C-A3A2-1B3BFABEC7A6"}],"bounds":{"lowerRight":{"x":731.9375,"y":341},"upperLeft":{"x":687.16796875,"y":339}},"dockers":[{"x":50,"y":40},{"x":58.5,"y":40}],"target":{"resourceId":"oryx_C1DEAE32-499D-433C-A3A2-1B3BFABEC7A6"}},{"resourceId":"oryx_A080ABB8-B5D0-4CB3-B1EB-371CF1FBFA15","properties":{"name":"","documentation":"","auditing":"","monitoring":"","conditiontype":"None","conditionexpression":"","isimmediate":"","showdiamondmarker":""},"stencil":{"id":"SequenceFlow"},"childShapes":[],"outgoing":[{"resourceId":"oryx_CECBDA82-8D7A-4297-BF6A-B46DE2D0A15B"}],"bounds":{"lowerRight":{"x":731.97265625,"y":472},"upperLeft":{"x":687.80859375,"y":470}},"dockers":[{"x":50,"y":40},{"x":60.5,"y":40}],"target":{"resourceId":"oryx_CECBDA82-8D7A-4297-BF6A-B46DE2D0A15B"}},{"resourceId":"oryx_8BB6F204-164F-4148-BC36-01B5D2083CD4","properties":{"name":"Dependecia","documentation":"","auditing":"","monitoring":"","multiinstance":"","resources":"","boundaryvisible":true,"processname":"","status":"None","adhoc":true,"adhocordering":"Parallel","adhoccompletioncondition":"","suppressjoinfailure":true,"enableinstancecompensation":true,"processcategories":"","processdocumentation":"","processtype":"None","isclosed":true,"bgcolor":"#C0C0C0"},"stencil":{"id":"CollapsedPool"},"childShapes":[],"outgoing":[{"resourceId":"oryx_7F282A1B-1A66-42F7-A711-2EDE7352818E"}],"bounds":{"lowerRight":{"x":1012,"y":919},"upperLeft":{"x":30,"y":873}},"dockers":[]},{"resourceId":"oryx_F3F6CD44-AF2E-436C-8F2E-0301E4ADA15D","properties":{"name":"","documentation":"","auditing":"","monitoring":"","conditiontype":"None","conditionexpression":"","isimmediate":"","showdiamondmarker":false},"stencil":{"id":"SequenceFlow"},"childShapes":[],"outgoing":[{"resourceId":"oryx_399FE4B5-B307-4B13-A498-1F610F9B076C"}],"bounds":{"lowerRight":{"x":896.76171875,"y":341},"upperLeft":{"x":849.40234375,"y":339}},"dockers":[{"x":58.5,"y":40},{"x":15,"y":15}],"target":{"resourceId":"oryx_399FE4B5-B307-4B13-A498-1F610F9B076C"}},{"resourceId":"oryx_DA6A2389-1FC2-4F7E-BA2C-1E4ED31109E1","properties":{"name":"Derivaci\u00f3n","documentation":"","auditing":"","monitoring":""},"stencil":{"id":"MessageFlow"},"childShapes":[],"outgoing":[{"resourceId":"oryx_8BB6F204-164F-4148-BC36-01B5D2083CD4"}],"bounds":{"lowerRight":{"x":238.20202957572,"y":872.7639210173},"upperLeft":{"x":238.09965311658,"y":779.30570574376}},"dockers":[{"x":223.07692307692,"y":743.55573101817},{"x":208.23076923077,"y":26}],"target":{"resourceId":"oryx_8BB6F204-164F-4148-BC36-01B5D2083CD4"}},{"resourceId":"oryx_7F282A1B-1A66-42F7-A711-2EDE7352818E","properties":{"name":"Resoluci\u00f3n","documentation":"","auditing":"","monitoring":""},"stencil":{"id":"MessageFlow"},"childShapes":[],"outgoing":[{"resourceId":"oryx_8D0619B8-0A15-4F92-93C6-3773108BC78F"}],"bounds":{"lowerRight":{"x":685.93907823152,"y":872.45387972028},"upperLeft":{"x":685.64906141356,"y":779.40497867881}},"dockers":[{"x":656,"y":19},{"x":670.53756030324,"y":728.63099890425}],"target":{"resourceId":"oryx_8D0619B8-0A15-4F92-93C6-3773108BC78F"}},{"resourceId":"oryx_BE479DAE-B353-45A8-A23E-B806EC454467","properties":{"name":"","documentation":"","auditing":"","monitoring":"","conditiontype":"None","conditionexpression":"","isimmediate":"","showdiamondmarker":""},"stencil":{"id":"SequenceFlow"},"childShapes":[],"outgoing":[{"resourceId":"oryx_70D5ABF7-8DDA-48F1-AC9B-7DB171B9E27E"}],"bounds":{"lowerRight":{"x":897.9296875,"y":472},"upperLeft":{"x":853.25,"y":470}},"dockers":[{"x":60.5,"y":40},{"x":14,"y":14}],"target":{"resourceId":"oryx_70D5ABF7-8DDA-48F1-AC9B-7DB171B9E27E"}},{"resourceId":"oryx_8A5ABD61-DD56-4FA7-95BD-BC246127A6A2","properties":{"name":"","documentation":"","auditing":"","monitoring":"","conditiontype":"None","conditionexpression":"No","isimmediate":"","showdiamondmarker":false},"stencil":{"id":"SequenceFlow"},"childShapes":[],"outgoing":[{"resourceId":"oryx_399FE4B5-B307-4B13-A498-1F610F9B076C"}],"bounds":{"lowerRight":{"x":1090.5,"y":324.25346304594},"upperLeft":{"x":912,"y":267.40166422616}},"dockers":[{"x":20.5,"y":20.5},{"x":1090.5,"y":267.40166422616},{"x":912,"y":267.40166422616},{"x":15,"y":15}],"target":{"resourceId":"oryx_399FE4B5-B307-4B13-A498-1F610F9B076C"}},{"resourceId":"oryx_5BD89E69-ECD0-4430-B982-0D64F72CCC97","properties":{"name":"","documentation":"","auditing":"","monitoring":"","conditiontype":"None","conditionexpression":"S\u00ed","isimmediate":"","showdiamondmarker":false},"stencil":{"id":"SequenceFlow"},"childShapes":[],"outgoing":[{"resourceId":"oryx_32C49906-DA3C-4DEE-9637-D930C1375597"}],"bounds":{"lowerRight":{"x":1229.513671875,"y":341.5},"upperLeft":{"x":1110.2578125,"y":339.5}},"dockers":[{"x":20.5,"y":20.5},{"x":32,"y":40.5}],"target":{"resourceId":"oryx_32C49906-DA3C-4DEE-9637-D930C1375597"}},{"resourceId":"oryx_5917859C-837B-401F-99E5-A9FCB0AD6BD7","properties":{"name":"","documentation":"","auditing":"","monitoring":"","conditiontype":"None","conditionexpression":"","isimmediate":"","showdiamondmarker":""},"stencil":{"id":"SequenceFlow"},"childShapes":[],"outgoing":[{"resourceId":"oryx_36B54ABE-77B0-4E01-95D2-278A9518C85E"}],"bounds":{"lowerRight":{"x":1374.3750105208,"y":137.7688503923},"upperLeft":{"x":1330.3906144792,"y":137.5670871077}},"dockers":[{"x":50,"y":40},{"x":14,"y":14}],"target":{"resourceId":"oryx_36B54ABE-77B0-4E01-95D2-278A9518C85E"}},{"resourceId":"oryx_35B61E12-633E-4F14-82F6-AF0D77B1A54E","properties":{"name":"","documentation":"","auditing":"","monitoring":"","conditiontype":"None","conditionexpression":"","isimmediate":"","showdiamondmarker":""},"stencil":{"id":"SequenceFlow"},"childShapes":[],"outgoing":[{"resourceId":"oryx_5575BA91-B1CA-4704-B3E7-BABAF80A1A4D"}],"bounds":{"lowerRight":{"x":1281,"y":299.546875},"upperLeft":{"x":1279,"y":178.453125}},"dockers":[{"x":50,"y":40},{"x":50,"y":40}],"target":{"resourceId":"oryx_5575BA91-B1CA-4704-B3E7-BABAF80A1A4D"}},{"resourceId":"oryx_1C9B3109-B455-4764-AFC5-707AA766E75E","properties":{"name":"","documentation":"","auditing":"","monitoring":"","conditiontype":"None","conditionexpression":"","isimmediate":"","showdiamondmarker":""},"stencil":{"id":"SequenceFlow"},"childShapes":[],"outgoing":[{"resourceId":"oryx_2722C234-ADE9-49A8-BA0A-5375E8856C48"}],"bounds":{"lowerRight":{"x":991.15625,"y":341},"upperLeft":{"x":927.84375,"y":339}},"dockers":[{"x":15,"y":15},{"x":15,"y":15}],"target":{"resourceId":"oryx_2722C234-ADE9-49A8-BA0A-5375E8856C48"}},{"resourceId":"oryx_586DB4E3-920B-4309-9A4E-514A99CC3A08","properties":{"name":"","documentation":"","auditing":"","monitoring":"","conditiontype":"None","conditionexpression":"","isimmediate":"","showdiamondmarker":""},"stencil":{"id":"SequenceFlow"},"childShapes":[],"outgoing":[{"resourceId":"oryx_232215ED-C9F8-4249-9880-514FE3641D03"}],"bounds":{"lowerRight":{"x":1069.546875,"y":341},"upperLeft":{"x":1022.265625,"y":339}},"dockers":[{"x":15,"y":15},{"x":20,"y":20}],"target":{"resourceId":"oryx_232215ED-C9F8-4249-9880-514FE3641D03"}}],"bounds":{"lowerRight":{"x":1565,"y":1050},"upperLeft":{"x":0,"y":0}},"stencilset":{"url":"..\/..\/jscript\/bpm-dna2\/stencilsets\/bpmn2.0\/bpmn2.0_2.json","namespace":"http:\/\/b3mn.org\/stencilset\/bpmn2.0#"},"ssextensions":[]}